{"cameraMode":{"drawMode":0,"name":"Shaded","section":"Shading Mode"},"sceneLighting":true,"audioPlay":false,"sceneViewState":{"m_AlwaysRefresh":false,"showFog":true,"showSkybox":true,"showFlares":true,"showImageEffects":true,"showParticleSystems":true,"showVisualEffectGraphs":true,"m_FxEnabled":true},"in2DMode":false,"pivot":{"x":64.70736694335938,"y":101.5645751953125,"z":307.0767517089844},"rotation":{"x":0.00009048285573953763,"y":-0.9988504648208618,"z":-0.035896774381399158,"w":-0.011392079293727875},"size":24.12551498413086,"orthographic":false}