{"cameraMode":{"drawMode":0,"name":"Shaded","section":"Shading Mode"},"sceneLighting":true,"audioPlay":false,"sceneViewState":{"m_AlwaysRefresh":false,"showFog":true,"showSkybox":true,"showFlares":true,"showImageEffects":true,"showParticleSystems":true,"showVisualEffectGraphs":true,"m_FxEnabled":true},"in2DMode":false,"pivot":{"x":22.62403678894043,"y":-185.53338623046876,"z":567.8466186523438},"rotation":{"x":0.30574774742126467,"y":-0.12515325844287873,"z":0.03998631611466408,"w":0.9425971508026123},"size":308.2622375488281,"orthographic":false}