{"cameraMode":{"drawMode":0,"name":"Shaded","section":"Shading Mode"},"sceneLighting":true,"audioPlay":false,"sceneViewState":{"m_AlwaysRefresh":false,"showFog":true,"showSkybox":true,"showFlares":true,"showImageEffects":true,"showParticleSystems":true,"showVisualEffectGraphs":true,"m_FxEnabled":true},"in2DMode":false,"pivot":{"x":176.80718994140626,"y":7.3799028396606449,"z":271.4570617675781},"rotation":{"x":0.02991029992699623,"y":-0.008586150594055653,"z":0.000540626235306263,"w":-0.9992059469223023},"size":39.94918441772461,"orthographic":false}