{"cameraMode":{"drawMode":0,"name":"Shaded","section":"Shading Mode"},"sceneLighting":true,"audioPlay":false,"sceneViewState":{"m_AlwaysRefresh":false,"showFog":true,"showSkybox":true,"showFlares":true,"showImageEffects":true,"showParticleSystems":true,"showVisualEffectGraphs":true,"m_FxEnabled":true},"in2DMode":false,"pivot":{"x":139.1910858154297,"y":-621.7218627929688,"z":52.681251525878909},"rotation":{"x":0.6946085691452026,"y":0.0008994111558422446,"z":-0.002607049187645316,"w":0.7190964818000794},"size":386.4299011230469,"orthographic":false}