{"cameraMode":{"drawMode":0,"name":"Shaded","section":"Shading Mode"},"sceneLighting":true,"audioPlay":false,"sceneViewState":{"m_AlwaysRefresh":false,"showFog":true,"showSkybox":true,"showFlares":true,"showImageEffects":true,"showParticleSystems":true,"showVisualEffectGraphs":true,"m_FxEnabled":true},"in2DMode":false,"pivot":{"x":59.89537811279297,"y":165.143798828125,"z":-131.7782440185547},"rotation":{"x":0.08984948694705963,"y":0.04299446940422058,"z":-0.0035500593949109318,"w":0.9945796728134155},"size":23.971891403198243,"orthographic":false}