{"cameraMode":{"drawMode":0,"name":"Shaded","section":"Shading Mode"},"sceneLighting":true,"audioPlay":false,"sceneViewState":{"m_AlwaysRefresh":false,"showFog":true,"showSkybox":true,"showFlares":true,"showImageEffects":true,"showParticleSystems":true,"showVisualEffectGraphs":true,"m_FxEnabled":true},"in2DMode":false,"pivot":{"x":45.94081115722656,"y":166.13528442382813,"z":-132.4768524169922},"rotation":{"x":0.0789869949221611,"y":-0.10472872853279114,"z":0.008676710538566113,"w":0.9908785223960877},"size":23.971891403198243,"orthographic":false}