{"cameraMode":{"drawMode":0,"name":"Shaded","section":"Shading Mode"},"sceneLighting":true,"audioPlay":false,"sceneViewState":{"m_AlwaysRefresh":false,"showFog":true,"showSkybox":true,"showFlares":true,"showImageEffects":true,"showParticleSystems":true,"showVisualEffectGraphs":true,"m_FxEnabled":true},"in2DMode":false,"pivot":{"x":157.3690185546875,"y":-430.6525573730469,"z":-130.9627685546875},"rotation":{"x":0.7148146629333496,"y":0.0018986042123287917,"z":-0.003679360030218959,"w":0.6990074515342712},"size":272.5982360839844,"orthographic":false}