{"cameraMode":{"drawMode":0,"name":"Shaded","section":"Shading Mode"},"sceneLighting":true,"audioPlay":false,"sceneViewState":{"m_AlwaysRefresh":false,"showFog":true,"showSkybox":true,"showFlares":true,"showImageEffects":true,"showParticleSystems":true,"showVisualEffectGraphs":true,"m_FxEnabled":true},"in2DMode":false,"pivot":{"x":79.08512115478516,"y":-12.621234893798829,"z":115.73065185546875},"rotation":{"x":0.22660484910011292,"y":-0.08364932239055634,"z":0.019940651953220369,"w":0.9697763919830322},"size":29.39769744873047,"orthographic":false}