{"cameraMode":{"drawMode":0,"name":"Shaded","section":"Shading Mode"},"sceneLighting":true,"audioPlay":false,"sceneViewState":{"m_AlwaysRefresh":false,"showFog":true,"showSkybox":true,"showFlares":true,"showImageEffects":true,"showParticleSystems":true,"showVisualEffectGraphs":true,"m_FxEnabled":true},"in2DMode":false,"pivot":{"x":97.74080657958985,"y":77.98670196533203,"z":-73.60674285888672},"rotation":{"x":0.049548760056495669,"y":0.01769300363957882,"z":0.000014207835192792118,"w":0.9982000589370728},"size":8.736917495727539,"orthographic":false}