{"cameraMode":{"drawMode":0,"name":"Shaded","section":"Shading Mode"},"sceneLighting":true,"audioPlay":false,"sceneViewState":{"m_AlwaysRefresh":false,"showFog":true,"showSkybox":true,"showFlares":true,"showImageEffects":true,"showParticleSystems":true,"showVisualEffectGraphs":true,"m_FxEnabled":true},"in2DMode":false,"pivot":{"x":80.31002807617188,"y":77.32865142822266,"z":595.2235107421875},"rotation":{"x":0.00014305465447250754,"y":-0.9976967573165894,"z":0.007582860067486763,"w":0.06054374575614929},"size":19.67604637145996,"orthographic":false}