{"cameraMode":{"drawMode":0,"name":"Shaded","section":"Shading Mode"},"sceneLighting":true,"audioPlay":false,"sceneViewState":{"m_AlwaysRefresh":false,"showFog":true,"showSkybox":true,"showFlares":true,"showImageEffects":true,"showParticleSystems":true,"showVisualEffectGraphs":true,"m_FxEnabled":true},"in2DMode":false,"pivot":{"x":52.79507827758789,"y":308.080322265625,"z":113.01983642578125},"rotation":{"x":0.035186462104320529,"y":-0.9487786889076233,"z":0.29343506693840029,"w":0.10979000478982926},"size":23.547443389892579,"orthographic":false}