{"cameraMode":{"drawMode":0,"name":"Shaded","section":"Shading Mode"},"sceneLighting":true,"audioPlay":false,"sceneViewState":{"m_AlwaysRefresh":false,"showFog":true,"showSkybox":true,"showFlares":true,"showImageEffects":true,"showParticleSystems":true,"showVisualEffectGraphs":true,"m_FxEnabled":true},"in2DMode":false,"pivot":{"x":17.841398239135743,"y":-184.8564910888672,"z":148.58265686035157},"rotation":{"x":0.4884231984615326,"y":0.05414426699280739,"z":-0.031671490520238879,"w":0.8700968027114868},"size":158.20089721679688,"orthographic":false}