{"cameraMode":{"drawMode":0,"name":"Shaded","section":"Shading Mode"},"sceneLighting":true,"audioPlay":false,"sceneViewState":{"m_AlwaysRefresh":false,"showFog":true,"showSkybox":true,"showFlares":true,"showImageEffects":true,"showParticleSystems":true,"showVisualEffectGraphs":true,"m_FxEnabled":true},"in2DMode":false,"pivot":{"x":1.9237687587738038,"y":4.294806957244873,"z":0.7048870325088501},"rotation":{"x":0.31818094849586489,"y":-0.6369966864585877,"z":0.32550421357154848,"w":0.6221256256103516},"size":4.731940269470215,"orthographic":false}