{"cameraMode":{"drawMode":0,"name":"Shaded","section":"Shading Mode"},"sceneLighting":true,"audioPlay":false,"sceneViewState":{"m_AlwaysRefresh":false,"showFog":true,"showSkybox":true,"showFlares":true,"showImageEffects":true,"showParticleSystems":true,"showVisualEffectGraphs":true,"m_FxEnabled":true},"in2DMode":false,"pivot":{"x":0.4202280044555664,"y":-82.42749786376953,"z":61.41748809814453},"rotation":{"x":-0.7272539138793945,"y":0.008793121203780175,"z":-0.007696476764976978,"w":-0.6859835982322693},"size":91.83788299560547,"orthographic":false}