{"cameraMode":{"drawMode":0,"name":"Shaded","section":"Shading Mode"},"sceneLighting":true,"audioPlay":false,"sceneViewState":{"m_AlwaysRefresh":false,"showFog":true,"showSkybox":true,"showFlares":true,"showImageEffects":true,"showParticleSystems":true,"showVisualEffectGraphs":true,"m_FxEnabled":true},"in2DMode":false,"pivot":{"x":56.035396575927737,"y":117.96717834472656,"z":-71.27875518798828},"rotation":{"x":0.38540592789649966,"y":0.5075730085372925,"z":-0.2706242799758911,"w":0.7209107875823975},"size":19.236270904541017,"orthographic":false}