{"cameraMode":{"drawMode":0,"name":"Shaded","section":"Shading Mode"},"sceneLighting":true,"audioPlay":false,"sceneViewState":{"m_AlwaysRefresh":false,"showFog":true,"showSkybox":true,"showFlares":true,"showImageEffects":true,"showParticleSystems":true,"showVisualEffectGraphs":true,"m_FxEnabled":true},"in2DMode":false,"pivot":{"x":145.12567138671876,"y":60.77857208251953,"z":136.00628662109376},"rotation":{"x":-0.5076282620429993,"y":-0.015218275599181652,"z":0.009105026721954346,"w":-0.8612833619117737},"size":1.405432105064392,"orthographic":false}