{"cameraMode":{"drawMode":0,"name":"Shaded","section":"Shading Mode"},"sceneLighting":true,"audioPlay":false,"sceneViewState":{"m_AlwaysRefresh":false,"showFog":true,"showSkybox":true,"showFlares":true,"showImageEffects":true,"showParticleSystems":true,"showVisualEffectGraphs":true,"m_FxEnabled":true},"in2DMode":false,"pivot":{"x":44.724632263183597,"y":147.14981079101563,"z":-140.45352172851563},"rotation":{"x":0.2868066430091858,"y":-0.13467255234718324,"z":0.04107271507382393,"w":0.9471224546432495},"size":23.971891403198243,"orthographic":false}