{"cameraMode":{"drawMode":0,"name":"Shaded","section":"Shading Mode"},"sceneLighting":false,"audioPlay":false,"sceneViewState":{"m_AlwaysRefresh":false,"showFog":true,"showSkybox":false,"showFlares":true,"showImageEffects":true,"showParticleSystems":true,"showVisualEffectGraphs":true,"m_FxEnabled":true},"in2DMode":false,"pivot":{"x":-1.8801937103271485,"y":2.7002744674682619,"z":4.024465560913086},"rotation":{"x":-0.04292009398341179,"y":0.5016525983810425,"z":0.028419477865099908,"w":0.8631846904754639},"size":12.524725914001465,"orthographic":false}